plot,botanist,location,survey_date,height_vegetation,streuhoehe_2021,cover_vegetation,cover_moss,flechtendeckung_2021,cover_litter,cover_soil,elevation,plot_size,treatment,mowing,comments,id,richness_total,richness_R1A,richness_R22,richness_both,rlg_LC,rlg_VU,rlg_NT,rlg_EN,rlg_NA,rlg_CR,rlg_NE,shannon,evenness,CWM_Height,CWM_Seed,CWM_SLA,esy
tum01,Markus Bauer,sued,2021-06-19,20,2,70,10,0,40,0.5,469,4,control,NA,NA,X2021tum01,35,16,4,4,13,8,14,0,0,0,0,2.7036527865853937,0.7604467241535767,0.2683650907354346,-6.276387253674775,5.23941224941414,R
tum02,Markus Bauer,sued,2021-06-19,25,3,80,2,0,40,0.5,469,4,control,NA,NA,X2021tum02,30,12,1,1,9,4,16,1,0,0,0,2.4451606344114896,0.7189117125618115,0.31195716945996266,-6.513844394101897,5.236730965744963,R
tum03,Markus Bauer,sued,2021-06-19,15,2,70,4,0,40,0.5,469,4,control,NA,NA,X2021tum03,31,13,3,3,12,5,13,0,1,0,0,2.1759374595289733,0.6336475152519414,0.18011131386861312,-6.143717646306849,5.319728148518592,R
tum04,Markus Bauer,sued,2021-06-16,20,4,70,2,0,40,2,469,4,control,NA,NA,X2021tum04,24,8,1,1,10,3,10,1,0,0,0,2.005520565254521,0.6310530508021474,0.37084504391468,-5.899513676304721,5.317810695652877,R1A
tum05,Markus Bauer,sued,2021-06-16,25,4,80,0.5,0,40,0.5,469,4,control,NA,NA,X2021tum05,22,7,0,0,4,6,12,0,0,0,0,2.1688163646956986,0.7016456090207855,0.4173579881656803,-5.87619551252432,5.329436754906324,R
tum06,Markus Bauer,sued,2021-06-16,10,2,70,4,0,30,2,469,4,control,NA,NA,X2021tum06,39,10,1,1,12,9,17,0,0,1,0,2.55788652981956,0.6981966667660221,0.23349067460317455,-6.085017610717471,5.271458016862184,R
tum07,Markus Bauer,sued,2021-06-16,20,4,70,4,0,50,2,469,4,control,NA,NA,X2021tum07,36,12,2,2,13,8,15,0,0,0,0,2.4389421763363366,0.6805997730786677,0.24480703986429173,-6.293685890053043,5.2621923246204005,R
tum08,Markus Bauer,sued,2021-06-16,15,2,70,4,0,40,2,469,4,control,NA,NA,X2021tum08,38,14,3,3,11,7,18,0,1,1,0,2.3713671740408437,0.6519068057536306,0.2914225537961834,-6.212902883342355,5.296962890506657,R1A
tum09,Markus Bauer,sued,2021-06-16,15,2,70,10,0,30,2,469,4,control,NA,NA,X2021tum09,44,15,3,3,17,9,15,0,2,1,0,2.604880282400004,0.6883588124263303,0.19203511171910626,-6.643336938667477,5.177172832902414,R1A
tum10,Markus Bauer,sued,2021-06-16,10,2,60,4,0.5,50,2,469,4,control,NA,NA,X2021tum10,34,9,2,2,11,7,16,0,0,0,0,2.6397412581298676,0.7485738453861575,0.21700907314349524,-5.797699432944989,5.1777915363798535,R1A
tum11,Markus Bauer,sued,2021-06-15,25,3,80,1,0,20,10,469,4,control,NA,NA,X2021tum11,28,13,4,3,14,3,10,0,1,0,0,2.302874334840195,0.6910963381173482,0.35513792304126107,-6.840819361906485,5.340929955398841,R1A
tum12,Markus Bauer,sued,2021-06-16,20,2,70,10,0,30,2,469,4,control,NA,NA,X2021tum12,33,13,2,2,13,6,13,1,0,0,0,2.2319747074955862,0.6383440242181164,0.21869679237104464,-6.538641507142877,5.274972538510604,R
tum13,Markus Bauer,sued,2021-06-16,15,2,70,4,0,30,4,469,4,control,NA,NA,X2021tum13,41,15,3,3,14,7,18,0,1,1,0,2.4817421090119636,0.6682897394837528,0.2592386314886314,-6.186805440260868,5.298323788759277,R1A
tum14,Markus Bauer,sued,2021-06-16,15,3,70,10,0,40,2,469,4,control,NA,NA,X2021tum14,34,14,4,4,14,5,13,0,1,1,0,2.389042766799783,0.6774811452552278,0.25560200553250345,-6.037074117702105,5.250773696756161,R1A
tum15,Markus Bauer,sued,2021-06-15,15,3,70,2,0,40,0.5,469,4,control,NA,NA,X2021tum15,26,12,3,3,9,5,11,0,1,0,0,2.0105227973071864,0.6170850905873096,0.31331262875978577,-6.593099807441108,5.194879132223173,R1A
tum16,Markus Bauer,rollfeld,2021-06-16,5,1,60,70,10,20,4,469,4,control,NA,NA,X2021tum16,27,7,1,1,9,5,10,1,2,0,0,1.8923170800722482,0.5741537451659061,0.12351622874806799,-7.093507113047892,5.249812171311149,R1A
tum17,Markus Bauer,sued,2021-06-15,15,2,70,4,0,30,10,469,4,control,NA,NA,X2021tum17,40,14,3,3,13,8,18,0,0,1,0,2.591225525755747,0.7024424511530035,0.25736161545623837,-6.1053661601558975,5.293457451465499,R1A
tum18,Markus Bauer,rollfeld,2021-06-15,10,2,70,20,20,30,4,469,4,control,NA,NA,X2021tum18,36,14,1,1,14,8,13,1,0,0,0,2.423584728155764,0.6763141955655239,0.1731654863078376,-6.606591482273614,5.255602069106142,R1A
tum19,Markus Bauer,sued,2021-06-15,25,2,70,2,0,20,10,469,4,control,NA,NA,X2021tum19,32,14,3,3,12,4,16,0,0,0,0,2.4181362928756953,0.6977266475850775,0.4116592356687898,-5.81697639757407,5.394370809928527,R1A
tum20,Markus Bauer,sued,2021-06-19,30,5,80,4,0,30,0.5,469,4,control,NA,NA,X2021tum20,34,16,3,3,11,7,16,0,0,0,0,2.4412642482706803,0.6922900342234315,0.26592085235920854,-6.323767240980426,5.333666259608632,R
tum21,Markus Bauer,sued,2021-06-19,15,2,70,2,0,40,0.5,469,4,control,NA,NA,X2021tum21,37,18,3,3,13,6,17,0,1,0,0,2.73663432446102,0.7578777448466063,0.2792229785478547,-5.892788560387575,5.277394655403109,R1A
tum22,Markus Bauer,rollfeld,2021-06-19,10,2,60,20,4,30,10,469,4,control,NA,NA,X2021tum22,21,6,2,2,8,5,7,0,1,0,0,2.3040509642103117,0.7567856737272702,0.162883573388203,-6.7507929900948245,5.148321174597434,R1A
tum23,Markus Bauer,sued,2021-06-19,15,2,70,10,0,40,0.5,469,4,control,NA,NA,X2021tum23,36,12,2,2,12,8,15,0,0,1,0,2.5223037103515957,0.7038622520684324,0.26220091324200906,-6.172258439809517,5.284623268856724,R1A
tum24,Markus Bauer,rollfeld,2021-06-19,5,1,50,30,10,20,10,469,4,control,NA,NA,X2021tum24,17,6,0,0,6,1,9,0,1,0,0,1.699237162099228,0.5997561622615003,0.14075920084121976,-7.797542716835942,5.218088975591589,R1A
tum25,Markus Bauer,rollfeld,2021-06-19,5,1,30,40,0.5,10,30,469,4,control,NA,NA,X2021tum25,21,7,0,0,5,3,12,0,1,0,0,2.4034974509946374,0.7894497413498718,0.20214427860696513,-6.566857055240892,5.253997640531045,R1A
tum26,Markus Bauer,rollfeld,2021-06-19,5,1,40,10,0.5,20,30,469,4,control,NA,NA,X2021tum26,22,6,0,0,8,3,10,0,1,0,0,2.228947291093859,0.7210988929227359,0.14979305247597932,-6.604316179037217,5.22062567012957,R22
tum27,Markus Bauer,mitte,2021-06-22,20,4,80,10,0,40,0,469,4,control,NA,NA,X2021tum27,31,9,2,2,10,6,14,0,0,1,0,2.2381441367269326,0.6517625149574472,0.3125709382151029,-5.154743288825919,5.447130486319091,R22
tum28,Markus Bauer,mitte,2021-06-22,20,3,80,20,0,40,0.5,469,4,control,NA,NA,X2021tum28,28,10,2,2,10,8,10,0,0,0,0,2.365662267743609,0.7099390990318373,0.31939763995609216,-5.9215530049675165,5.323689528420079,R1A
tum29,Markus Bauer,mitte,2021-06-22,15,2,70,2,0,40,2,469,4,control,NA,NA,X2021tum29,39,12,3,3,14,7,17,0,0,1,0,2.5062765457379537,0.6841092870337527,0.24277465483234714,-6.381425288127263,5.34128905314448,R1A
tum30,Markus Bauer,mitte,2021-06-22,15,2,60,2,0,50,0.5,469,4,control,NA,NA,X2021tum30,40,15,5,5,14,6,18,0,1,1,0,2.700760866827476,0.7321358424481764,0.26138426607756504,-6.521949764259629,5.31583908180554,R1A
tum31,Markus Bauer,mitte,2021-06-22,15,4,70,2,0,50,0.5,469,4,control,NA,NA,X2021tum31,34,14,2,2,15,4,12,1,1,1,0,2.657545828787185,0.753622838684781,0.23628224276908483,-6.655291159320653,5.255046735295082,R
tum32,Markus Bauer,mitte,2021-06-22,15,2,70,2,0,40,0.5,469,4,control,NA,NA,X2021tum32,40,18,3,3,16,5,17,0,1,1,0,2.7583331486663707,0.7477428262368955,0.286620500233754,-6.348430000710744,5.382969966138673,R1A
tum33,Markus Bauer,mitte,2021-06-22,15,2,70,2,0,50,0.5,469,4,control,NA,NA,X2021tum33,35,15,3,3,15,5,13,0,1,1,0,2.267867580040346,0.6378749818070657,0.2054660602503912,-6.061142832894745,5.256683190543754,R1A
tum34,Markus Bauer,mitte,2021-06-22,20,2,70,0.5,0,40,2,469,4,control,NA,NA,X2021tum34,24,6,1,1,7,3,12,0,1,1,0,2.130195982439541,0.6702831657846144,0.30008095854922273,-6.126660680953099,5.349822593492914,R1A
tum35,Markus Bauer,mitte,2021-06-22,20,2,80,2,0,30,0.5,469,4,control,NA,NA,X2021tum35,39,14,3,3,14,8,15,1,0,1,0,2.453728792718295,0.6697659353734435,0.2858789893617021,-6.480747897166002,5.291269829339628,R1A
tum36,Markus Bauer,mitte,2021-06-23,10,2,70,2,0,40,2,469,4,control,NA,NA,X2021tum36,41,17,3,3,12,6,20,1,1,1,0,2.734284181116649,0.7362949020518808,0.26358368945868943,-6.645535032769963,5.32273677578326,R1A
tum37,Markus Bauer,mitte,2021-06-22,20,3,70,2,0,40,0.5,469,4,control,NA,NA,X2021tum37,33,11,0,0,8,9,14,0,1,1,0,2.513816861945064,0.7189507866789046,0.29704693961952017,-6.019744719821597,5.299225350196827,R
tum38,Markus Bauer,mitte,2021-06-23,20,2,80,2,0,30,2,469,4,control,NA,NA,X2021tum38,37,13,4,4,12,8,14,2,0,1,0,2.354857251665177,0.6521492065547256,0.24983921239268383,-6.410083621780457,5.316309840025517,R1A
tum39,Markus Bauer,mitte,2021-06-23,15,2,70,0.5,0,40,2,469,4,control,NA,NA,X2021tum39,36,11,1,1,12,7,15,0,1,1,0,2.146767943363195,0.5990670009652826,0.2099683143219265,-6.0779268606977315,5.330655809736479,R1A
tum40,Markus Bauer,mitte,2021-06-23,15,3,70,2,0,50,0.5,469,4,control,NA,NA,X2021tum40,32,11,2,2,12,3,15,0,1,1,0,2.387589946773674,0.6889128351773447,0.23379850452577722,-6.561916658065034,5.337996719694205,R1A
tum41,Markus Bauer,mitte,2021-06-23,20,3,70,2,0,40,0.5,469,4,control,NA,NA,X2021tum41,33,14,2,2,12,4,15,0,1,1,0,2.336445397750187,0.6682226068947071,0.25198016386373434,-6.542457760246706,5.290825812615097,R1A
tum42,Markus Bauer,mitte,2021-06-23,15,2,60,0.5,0,50,2,469,4,control,NA,NA,X2021tum42,39,15,3,3,14,7,16,0,1,1,0,2.3466892360160934,0.6405485870546884,0.2155259493670886,-6.2149083744459945,5.293300292523266,R1A
tum43,Markus Bauer,mitte,2021-06-17,20,2,70,2,0,30,2,469,4,control,NA,NA,X2021tum43,37,13,2,2,14,5,15,2,1,0,0,2.502740560336134,0.6931036985283923,0.26071750717507175,-5.644979284202597,5.443205462741678,R1A
tum44,Markus Bauer,mitte,2021-06-23,20,2,60,2,0,40,2,469,4,control,NA,NA,X2021tum44,34,15,3,3,14,7,11,0,1,1,0,2.295337812355289,0.6509084355761193,0.24853613569321534,-6.2320146460755215,5.341630562588975,R1A
tum45,Markus Bauer,mitte,2021-06-23,15,2,70,0.5,0,40,0.5,469,4,control,NA,NA,X2021tum45,32,12,3,3,11,5,14,0,0,2,0,2.31751864366935,0.6686945308778975,0.23826748176748175,-6.362929612366063,5.362856271859405,R1A
tum46,Markus Bauer,mitte,2021-06-17,15,2,70,2,0,30,2,469,4,control,NA,NA,X2021tum46,33,11,2,2,8,6,18,0,0,1,0,2.571667077178383,0.7354959290005919,0.2771031191806331,-6.70379914790501,5.348706746822639,R1A
tum47,Markus Bauer,mitte,2021-06-17,20,2,70,2,0.5,40,4,469,4,control,NA,NA,X2021tum47,47,18,4,4,15,9,19,2,1,1,0,2.4776740278441265,0.6435270239363441,0.24019463667820068,-6.929143211554577,5.363810161869603,R1A
tum48,Markus Bauer,mitte,2021-06-17,20,2,70,2,0,40,0.5,469,4,control,NA,NA,X2021tum48,33,14,3,3,11,5,15,1,1,0,0,2.419793013718396,0.6920599973487556,0.2628088947600176,-5.424720067205821,5.460050997057175,R1A
tum49,Markus Bauer,mitte,2021-06-23,15,2,70,2,0.5,50,0.5,469,4,control,NA,NA,X2021tum49,29,13,3,3,14,6,8,0,0,1,0,2.3029668318045213,0.6839217425734085,0.24698134140191627,-6.509899619708798,5.278361182556868,R1A
tum50,Markus Bauer,mitte,2021-06-17,20,3,70,2,0,40,0.5,469,4,control,NA,NA,X2021tum50,40,15,2,2,14,6,16,2,1,1,0,2.479809151403954,0.672239139893391,0.2233129805517865,-6.878124333063907,5.333454705186989,R1A
tum51,Markus Bauer,mitte,2021-06-17,15,2,60,2,0,40,0.5,469,4,control,NA,NA,X2021tum51,40,14,2,2,15,6,16,1,1,1,0,2.638207810179033,0.7151786451673919,0.23024249249249248,-5.872898662246624,5.398190888466006,R1A
tum52,Markus Bauer,mitte,2021-06-17,20,3,70,2,0,40,0.5,469,4,control,NA,NA,X2021tum52,30,8,1,1,11,3,13,1,1,1,0,2.1769687033698766,0.640059502311506,0.267383400992332,-6.69840803264725,5.347577261135444,R1A
tum53,Markus Bauer,mitte,2021-06-17,20,3,60,0.5,0,40,0.5,469,4,control,NA,NA,X2021tum53,36,15,2,2,11,6,18,0,0,1,0,2.5274716028361137,0.7053043799246743,0.2372602179836512,-6.659554667099968,5.261411930549484,R1A
tum54,Markus Bauer,mitte,2021-06-23,15,3,70,2,0,40,0.5,469,4,control,NA,NA,X2021tum54,41,16,1,1,9,9,21,0,1,1,0,2.4089427839941564,0.648686154657563,0.231917109929078,-6.543808228163323,5.288528723250243,R1A
tum55,Markus Bauer,mitte,2021-06-23,10,1,70,0.5,0.5,30,0.5,469,4,control,NA,NA,X2021tum55,33,6,0,0,10,8,14,0,0,1,0,2.485600816982486,0.7108810072013667,0.17423025335320416,-7.0098178859909765,5.237848507325971,R1A
tum56,Markus Bauer,mitte,2021-06-23,15,2,70,0.5,0,40,0.5,469,4,control,NA,NA,X2021tum56,39,15,3,3,16,10,12,0,0,1,0,2.5832357240461477,0.7051159427807625,0.1885780993431855,-6.4881814259892785,5.263644753779923,R1A
tum57,Markus Bauer,mitte,2021-06-18,15,2,70,2,0,40,0.5,469,4,control,NA,NA,X2021tum57,33,16,3,3,9,7,16,0,1,0,0,2.603011554620013,0.7444604391269432,0.2900013826043238,-6.2705855053373325,5.24816850412439,R1A
tum58,Markus Bauer,mitte,2021-06-18,10,2,70,2,0,30,0.5,469,4,control,NA,NA,X2021tum58,37,13,1,1,11,8,16,0,1,1,0,2.739286807874787,0.758612318015517,0.20485462287104622,-6.043429619061837,5.187631271613749,R1A
tum59,Markus Bauer,mitte,2021-06-18,15,2,60,2,0,40,2,469,4,control,NA,NA,X2021tum59,27,11,2,2,7,3,15,1,0,1,0,2.2664010539445294,0.6876557141895725,0.28030429292929293,-6.0796400407209354,5.325944417917985,R1A
tum60,Markus Bauer,mitte,2021-06-18,15,2,70,2,0,40,2,469,4,control,NA,NA,X2021tum60,33,10,0,0,8,7,17,0,0,1,0,2.2393119883843946,0.6404424841126894,0.23761765975820376,-6.079065538411843,5.312693536223716,R
tum61,Markus Bauer,mitte,2021-06-18,15,2,70,2,0,40,0.5,469,4,control,NA,NA,X2021tum61,33,11,2,2,11,9,11,0,1,1,0,2.3851878223055936,0.6821629241108277,0.27602663837812347,-6.176563288412169,5.279931657751788,R1A
tum62,Markus Bauer,nord,2021-06-18,15,2,70,2,0,40,0.5,469,4,control,NA,NA,X2021tum62,34,13,2,2,10,6,17,0,0,1,0,2.097344933254168,0.5947619134837214,0.2573607367475292,-6.166891503763421,5.308937051045476,R1A
tum63,Markus Bauer,nord,2021-06-18,20,2,70,4,0,50,0.5,469,4,control,NA,NA,X2021tum63,22,10,3,3,8,6,8,0,0,0,0,2.0436963477560557,0.6611673500425873,0.3233885057471264,-5.932208097875023,5.336481755724037,R1A
tum64,Markus Bauer,nord,2021-06-18,20,2,70,20,0,30,0.5,469,4,control,NA,NA,X2021tum64,31,15,2,2,11,6,14,0,0,0,0,2.392785518786301,0.6967951178330173,0.2869262557077625,-6.09258308374012,5.3363870042461325,R1A
tum65,Markus Bauer,nord,2021-06-18,20,2,70,20,0,30,0.5,469,4,control,NA,NA,X2021tum65,31,14,2,2,13,5,13,0,0,0,0,2.437636607716896,0.7098560543653417,0.25078453453453453,-6.249950454618636,5.316204349253035,R1A
tum66,Markus Bauer,nord,2021-06-17,25,3,80,30,0,20,0.5,469,4,control,NA,NA,X2021tum66,36,18,5,5,14,6,15,0,1,0,0,2.444324915428797,0.6821018550223953,0.30865102929532856,-6.462475885518127,5.319319330449284,R1A
tum67,Markus Bauer,nord,2021-06-18,20,2,70,40,0,20,2,469,4,control,NA,NA,X2021tum67,32,18,5,5,13,5,13,0,1,0,0,2.373701401549546,0.6849054481133424,0.31491711895070107,-6.267896268604942,5.208454387640233,R1A
tum68,Markus Bauer,mitte,2021-07-21,20,2,90,2,0,40,0,469,4,control,NA,NA,X2021tum68,24,9,1,1,6,7,11,0,0,0,0,2.226033730337537,0.7004392779885109,0.38637672583826416,-6.148490015784302,5.345334114524515,R1A
res29,Maren Teschauer,NA,2024-06-10,44,NA,65,65,NA,80,4,469,4,cut_summer,2000,Richtung Westen: Ästige Graslilie Salvia pratensis Orobanche Oreoselinum majus Stachys recta,X2024res29,16,9,5,4,10,1,5,0,0,0,0,1.8991561353776463,0.6849757845957948,0.4954646464646464,-5.825572459987827,5.346612967106193,R1A
res04,Maren Teschauer / Sina Appeltauer / Malte Knoeppler,NA,2024-06-06,35,NA,70,80,NA,70,1,469,4,cut_summer,1990,NA,X2024res04,31,20,13,11,24,2,5,0,0,0,0,2.7022531078182612,0.7869141458328197,0.4387051463644948,-6.0396386492338285,5.358366790395728,R1A
res10,Maren Teschauer / Sina Appeltauer / Malte Knoeppler,NA,2024-06-06,30,NA,60,80,NA,60,2,469,4,cut_summer,2000,Dianthus daneben,X2024res10,37,19,11,9,26,3,8,0,0,0,0,2.954151025108419,0.8181163617051421,0.43471530359355637,-6.15995028850112,5.372270030543612,R1A
res12,Maren Teschauer / Sina Appeltauer / Malte Knoeppler,NA,2024-06-06,5,NA,25,12,NA,2,70,469,4,grazing,2000,Dorycnium pentaphyllum Anthyllis vulneraria,X2024res12,22,8,0,0,8,5,8,0,0,1,0,2.4186073527016165,0.7824568536979747,0.1667231638418079,-6.784874612675274,5.15642231270625,R1A
res18,Malte Knoeppler / Sina Appeltauer,NA,2024-06-08,9,NA,25,85,NA,5,10,469,4,grazing,2000,NA,X2024res18,20,7,1,1,6,4,9,0,0,1,0,2.600581580802491,0.868095458249107,0.302869918699187,-7.144696318698914,5.240233897903974,R1A
res15,Malte Knoeppler / Sina Appeltauer,NA,2024-06-08,9,NA,25,30,NA,2,65,469,4,grazing,2000,NA,X2024res15,17,6,2,2,8,2,6,0,0,1,0,2.411960627351346,0.8513162739443487,0.34288888888888885,-6.665035638083457,5.2210278337093206,R1A
res17,Malte Knoeppler / Sina Appeltauer,NA,2024-06-08,2,NA,15,7,NA,1,80,469,4,grazing,2000,Kaninchenspuren,X2024res17,19,8,3,3,8,4,6,0,0,1,0,2.710893253369167,0.9206824364676122,0.2617247474747475,-7.050761513431818,5.178246711742282,R1A
res16,Malte Knoeppler / Sina Appeltauer,NA,2024-06-08,17,NA,45,65,NA,4,4,469,4,grazing,2000,NA,X2024res16,32,13,4,4,13,7,10,0,0,2,0,2.991714121689861,0.8632262254238886,0.33933554817275746,-6.643819964529666,5.141215177881482,R22
res02,Malte Knoeppler / Sina Appeltauer,NA,2024-06-08,7,NA,30,55,NA,3,20,469,4,grazing,1990,NA,X2024res02,22,11,3,3,7,4,9,0,1,1,0,2.7759755531037955,0.8980709889920112,0.26345542635658914,-6.7061574168508,5.145626577924815,R1A
res01,Malte Knoeppler / Sina Appeltauer,NA,2024-06-08,12,NA,35,60,NA,3,7,469,4,grazing,2000,NA,X2024res01,23,8,2,2,10,5,6,0,1,1,0,2.453792835754054,0.782585668086431,0.29265625,-6.554962553842898,5.1750897670224285,R1A
res03,Malte Knoeppler / Sina Appeltauer,NA,2024-06-08,6,NA,50,55,NA,1,10,469,4,grazing,2000,NA,X2024res03,24,9,2,2,5,5,10,0,2,2,0,2.0520674928822293,0.6456994130453608,0.20098207885304661,-6.772151517956125,5.119971877096401,R
res20,Malte Knoeppler / Sina Appeltauer,NA,2024-06-08,3,NA,20,50,NA,1,35,469,4,grazing,2000,Kaninchenbau daneben,X2024res20,27,8,5,4,13,5,8,0,0,1,0,2.4944436729223636,0.7568468265683533,0.2140046113306983,-7.024300536045945,5.180384064383451,R1A
res21,Malte Knoeppler / Sina Appeltauer,NA,2024-06-08,12,NA,40,15,NA,2,45,469,4,grazing,2000,NA,X2024res21,20,8,4,3,9,3,6,0,1,1,0,2.1764524258548836,0.7265176681736137,0.2564056195965418,-6.484956466804572,5.1728434073335565,R
res19,Malte Knoeppler / Sina Appeltauer,NA,2024-06-08,4,NA,20,7,NA,2,70,469,4,grazing,2000,NA,X2024res19,21,6,1,1,5,5,8,0,2,1,0,2.5877372590480836,0.849964916331211,0.27707246376811595,-6.770743254505829,5.069126973548273,R1A
res13,Sina Appeltauer / Malte Knoeppler,NA,2024-06-08,11,NA,30,70,NA,2,20,469,4,grazing,2000,NA,X2024res13,18,8,1,1,6,3,8,0,1,0,0,2.263990521032169,0.7832869646775389,0.26603611111111114,-6.6236540970684805,5.151523409417639,R1A
res14,Sina Appeltauer / Malte Knoeppler,NA,2024-06-08,9,NA,35,40,NA,3,40,469,4,grazing,2000,NA,X2024res14,25,8,1,1,8,5,10,0,1,1,0,2.8445359377283332,0.883704775360449,0.25059929078014187,-6.805971276514107,5.289152393131554,R1A
res30,Maren Teschauer,NA,2024-06-10,49,NA,50,75,NA,80,7,469,4,cut_summer,2000,NA,X2024res30,17,10,6,4,12,1,4,0,0,0,0,2.0176470114727474,0.7121408684967402,0.4947028023598819,-6.467519153722973,5.530980851992425,R1A
res11,Maren Teschauer,NA,2024-06-10,31,NA,55,85,NA,80,3,469,4,cut_summer,2000,NA,X2024res11,22,12,6,5,15,3,4,0,0,0,0,2.1080594741824386,0.6819898160544838,0.4811361646234675,-5.899342653361678,5.324420694850784,R1A
res06,Maren Teschauer,NA,2024-06-10,39,NA,50,60,NA,90,3,469,4,cut_summer,1990,NA,X2024res06,25,15,9,8,18,2,5,0,0,0,0,2.370158146186116,0.7363310283282407,0.49854780361757095,-5.816543248511084,5.341704214916688,R
res05,Maren Teschauer / Sina Appeltauer,NA,2024-06-10,45,NA,90,5,NA,50,5,469,4,cut_summer,1990,NA,X2024res05,30,16,10,7,21,3,6,0,0,0,0,2.7317571561732157,0.8031751320584087,0.554305888223553,-5.889731270737125,5.402303758922311,R1A
res09,Maren Teschauer / Sina Appeltauer,NA,2024-06-10,37,NA,55,90,NA,30,5,469,4,cut_summer,2000,NA,X2024res09,36,20,12,10,24,4,8,0,0,0,0,3.0224621092967565,0.8434341107735086,0.5259626168224302,-6.286942149838688,5.359355525149136,R1A
res08,Maren Teschauer / Sina Appeltauer,NA,2024-06-10,42,NA,60,45,NA,70,3,469,4,cut_summer,1990,NA,X2024res08,34,19,12,10,26,2,6,0,0,0,0,2.78027817459719,0.788427092235505,0.46164566395663953,-6.068637686869672,5.345741100596632,R1A
res38,Sina Appeltauer,NA,2024-06-10,40,NA,40,40,NA,50,5,469,4,cut_autumn,2000,NA,X2024res38,22,10,5,5,10,4,7,0,0,1,0,2.5074547001670706,0.8112003435743186,0.459950354609929,-5.993156057207024,5.285126650298784,R
res31,Sina Appeltauer,NA,2024-06-10,44,NA,40,20,NA,75,5,469,4,cut_summer,2000,NA,X2024res31,22,11,6,4,16,2,3,0,1,0,0,2.1053353165691107,0.6811085089697597,0.4718348801237431,-6.0549715998127205,5.410566074441212,R
res32,Sina Appeltauer,NA,2024-06-10,35,NA,45,15,NA,75,3,469,4,cut_summer,2000,kaum Blüten nur Galium sehr viel Gras,X2024res32,16,7,5,3,12,0,4,0,0,0,0,2.194873144557636,0.7916331502584166,0.4954263157894736,-6.049932937391656,5.383275781733366,R1A
res07,Sina Appeltauer,NA,2024-06-10,48,NA,60,20,NA,75,7,469,4,cut_summer,1990,NA,X2024res07,29,17,10,8,19,2,8,0,0,0,0,2.6440180156830047,0.785205146556317,0.45277654320987654,-6.034581677104111,5.294407034476416,R1A
res36,Malte Knoeppler,NA,2024-06-11,35,NA,55,70,NA,50,15,469,4,cut_autumn,2000,Galium verum daneben,X2024res36,20,10,6,4,15,2,3,0,0,0,0,1.784978140810701,0.5958403414645228,0.45614641527001865,-5.646357734546697,5.270275808887779,R1A
res34,Malte Knoeppler,NA,2024-06-11,40,NA,65,70,NA,75,5,469,4,cut_autumn,2000,Rhinanthus glacialis daneben,X2024res34,22,12,5,5,10,3,9,0,0,0,0,2.085703068404241,0.6747571733083747,0.4818220551378445,-5.83219767159484,5.27668980090411,R1A
res39,Malte Knoeppler,NA,2024-06-11,35,NA,60,30,NA,70,15,469,4,cut_autumn,2000,Stachys recta daneben,X2024res39,25,14,5,5,13,3,9,0,0,0,0,2.073155338165563,0.6440619181855051,0.47594140083217745,-6.024750913503858,5.20097404158743,R1A
res37,Malte Knoeppler,NA,2024-06-11,35,NA,50,20,NA,75,15,469,4,cut_autumn,2000,Thymus Backenklee & Trifolium montanum in der Nähe,X2024res37,22,10,5,4,13,2,7,0,0,0,0,2.116232079342486,0.6846337801162419,0.459457738095238,-5.8176914576519705,5.307477575670323,R1A
res33,Malte Knoeppler,NA,2024-06-11,35,NA,60,40,NA,60,20,469,4,cut_autumn,2000,NA,X2024res33,26,12,7,5,16,3,7,0,0,0,0,2.016379337248318,0.6188826247833614,0.4640171977744056,-5.827426436635114,5.316163941789737,R1A
res35,Malte Knoeppler,NA,2024-06-11,40,NA,55,35,NA,80,5,469,4,cut_autumn,2000,NA,X2024res35,24,10,4,4,12,3,8,0,0,1,0,1.746187232788834,0.5494517481466494,0.498800751879699,-5.8821599651866645,5.379398940813167,R1A
res22,Sina Appeltauer,NA,2024-06-12,27,NA,40,60,NA,70,3,469,4,cut_summer,2000,sehr wenig Blüten,X2024res22,18,14,8,8,14,1,3,0,0,0,0,1.845987933125004,0.6386679942059275,0.46179734848484844,-5.8015250079455,5.251813414704632,R
res23,Sina Appeltauer,NA,2024-06-12,32,NA,45,60,NA,60,5,469,4,cut_summer,2000,NA,X2024res23,16,8,4,4,12,2,2,0,0,0,0,1.6556676797748715,0.5971558877428359,0.48598270440251584,-5.5459701840686995,5.266176158612227,R
res24,Malte Knoeppler,NA,2024-06-12,30,NA,55,60,NA,55,10,469,4,cut_summer,2000,NA,X2024res24,24,13,8,6,15,1,7,0,1,0,0,2.02179443088238,0.6361737524946284,0.46167226487523977,-5.822519289126878,5.3575603327272905,R1A
res25,Malte Knoeppler / Sina Appeltauer,NA,2024-06-12,0,NA,55,35,NA,70,7,469,4,cut_summer,2000,NA,X2024res25,18,12,6,6,10,1,7,0,0,0,0,1.770043796099602,0.6123931259928918,0.4938130252100839,-5.746593357351254,5.320070531241916,R
res26,Sina Appeltauer,NA,2024-06-12,36,NA,45,50,NA,75,8,469,4,cut_summer,2000,NA,X2024res26,28,17,10,9,21,2,5,0,0,0,0,2.3696786294459784,0.711144415719365,0.476583804143126,-5.993555854493928,5.363564793467945,R
res27,Malte Knoeppler,NA,2024-06-12,25,NA,60,85,NA,25,5,469,4,cut_summer,2000,NA,X2024res27,25,16,8,7,13,1,11,0,0,0,0,1.9781404413965442,0.6145438808524217,0.4571864604125082,-5.645104196410427,5.29578473839206,R1A
res28,Sina Appeltauer,NA,2024-06-12,28,NA,50,70,NA,80,1,469,4,cut_summer,2000,NA,X2024res28,23,15,7,7,16,1,6,0,0,0,0,2.23534390901864,0.712915972755585,0.43413333333333326,-5.933612165324017,5.341512616090277,R1A
res84,Malte Knoeppler,NA,2024-06-12,50,NA,50,60,NA,50,70,469,4,cut_autumn,2000,NA,X2024res84,26,12,9,7,17,2,6,0,0,0,1,1.8670371660064649,0.5730453791710682,0.46779526942355887,-5.616993904301779,5.240884494973637,R1A
res85,Malte Knoeppler,NA,2024-06-12,40,NA,50,35,NA,45,20,469,4,cut_autumn,2000,NA,X2024res85,20,12,7,6,15,2,3,0,0,0,0,1.9591131685767182,0.653968041761129,0.4737007357645553,-5.671941034170283,5.308491725962674,R
res86,Malte Knoeppler,NA,2024-06-12,40,NA,55,25,NA,65,10,469,4,cut_autumn,2000,NA,X2024res86,22,14,8,6,16,1,5,0,0,0,0,2.1371991338520933,0.6914169462571104,0.44898761261261255,-5.817325708452911,5.355312173188414,R1A
res87,Malte Knoeppler,NA,2024-06-12,50,NA,60,45,NA,60,10,469,4,cut_autumn,2000,NA,X2024res87,26,15,11,9,18,1,7,0,0,0,0,2.1591660645982804,0.6627078232339486,0.4730376712328766,-5.75598206772608,5.364682681205285,R1A
res88,Sina Appeltauer,NA,2024-06-12,44,NA,55,10,NA,70,6,469,4,cut_summer,2000,Schafskot? angrenzend Kaninchenbau,X2024res88,21,16,8,7,15,1,5,0,0,0,0,1.940798197004039,0.6374721279621423,0.45745512820512824,-5.661553049793247,5.253183571767218,R
res89,Sina Appeltauer,NA,2024-06-12,58,NA,80,5,NA,70,50,469,4,cut_summer,2000,angrenzend Carduus acanthoides,X2024res89,25,16,13,10,19,2,4,0,0,0,0,2.1295191203077217,0.6615723116299203,0.5144890243902438,-6.0614322933444855,5.377390797167198,R1A
res90,Sina Appeltauer,NA,2024-06-12,46,NA,70,30,NA,80,5,469,4,cut_summer,2000,angrenzend Genista tinctoria Prunella grandiflora,X2024res90,24,16,9,8,16,2,6,0,0,0,0,2.423176144148451,0.7624717117781332,0.4567236211031175,-5.913625967168325,5.309479516559618,R
res65,Maren Teschauer,NA,2024-06-13,34,NA,45,60,NA,65,4,469,4,cut_autumn,2000,daneben: Koeleria pyramidata Inula hirta,X2024res65,20,11,3,3,11,4,5,0,0,0,0,2.116298609906441,0.7064378311069057,0.4565867003367003,-5.889157455779091,5.260584807663304,R
res83,Maren Teschauer / Sina Appeltauer,NA,2024-06-13,57,NA,70,85,NA,60,2,469,4,cut_autumn,2000,herum: Buphthalmum salicifolium Salvia pratense Dianthus carthusianorum Betonica officinale,X2024res83,18,8,5,5,15,3,0,0,0,0,0,2.085434136089814,0.7215106950836503,0.4726629511677282,-5.689677679880759,5.346655404694265,R
res81,Maren Teschauer,NA,2024-06-13,42,NA,65,95,NA,75,1,469,4,cut_autumn,2000,NA,X2024res81,19,7,4,3,14,3,2,0,0,0,0,1.6046832991926048,0.54498779242722994,0.44948463804713795,-5.722122396366515,5.529891184152613,R1A
res67,Maren Teschauer,NA,2024-06-13,48,NA,65,30,NA,50,6,469,4,cut_autumn,2000,NA,X2024res67,28,18,11,8,19,2,7,0,0,0,0,2.5332185838463266,0.7602230223597929,0.46897278911564627,-5.668612846585669,5.237290147127955,R
res76,Maren Teschauer,NA,2024-06-13,41,NA,90,20,NA,30,4,469,4,cut_autumn,2000,zwischen 67 & 76: Stachys recta buschig,X2024res76,37,16,14,10,23,4,7,0,0,1,2,2.8594291529847515,0.7918842859794705,0.39224829931972793,-6.215224913034921,5.18833560908959,R
res82,Sina Appeltauer,NA,2024-06-13,57,NA,60,30,NA,60,10,469,4,cut_autumn,2000,1 schlafender Schachbrettfalter :),X2024res82,27,13,8,8,20,2,4,0,1,0,0,2.5969374797520337,0.7879447877225798,0.48298048048048053,-5.8713177980753954,5.357450547287165,R
res79,Sina Appeltauer,NA,2024-06-13,51,NA,65,90,NA,50,4,469,4,cut_autumn,2000,NA,X2024res79,29,13,9,7,18,2,9,0,0,0,0,2.642761145390296,0.7848318885011394,0.4715394356005789,-6.242846600499058,5.354711556435237,R
res75,Sina Appeltauer,NA,2024-06-13,39,NA,75,65,NA,30,15,469,4,cut_autumn,2000,großer dichter Fleck Brachypodium pinnatum innerhalb Plot angrenzend Stachys recta,X2024res75,30,18,9,8,21,2,7,0,0,0,0,2.6238322226622888,0.7714436794550363,0.4692628205128205,-5.999971506419194,5.307011886841503,R
res70,Sina Appeltauer,NA,2024-06-13,37,NA,75,90,NA,60,2,469,4,cut_autumn,2000,NA,X2024res70,31,14,8,5,20,4,7,0,0,0,0,2.911640643573303,0.8478891941619339,0.4266224593495936,-6.3165428790637765,5.33360070472962,R1A
res66,Sina Appeltauer,NA,2024-06-13,42,NA,70,60,NA,80,1,469,4,cut_autumn,2000,NA,X2024res66,23,11,4,4,14,3,6,0,0,0,0,2.497417074987755,0.7964987025969329,0.4568697916666667,-6.060680321587665,5.431190795033569,R
res80,Sina Appeltauer,NA,2024-06-14,42,NA,70,80,NA,75,1,469,4,cut_autumn,2000,NA,X2024res80,28,16,8,7,17,2,9,0,0,0,0,2.774337359450463,0.8325831595806198,0.4623690476190478,-6.048902533585739,5.319056308814369,R
res69,Sina Appeltauer,NA,2024-06-14,41,NA,75,80,NA,70,5,469,4,cut_autumn,2000,NA,X2024res69,23,12,7,6,15,3,5,0,0,0,0,2.540809179044187,0.8103377024700592,0.46749440715883683,-6.069659477048036,5.3110457789264,R
res78,Sina Appeltauer,NA,2024-06-14,49,NA,85,50,NA,70,1,469,4,cut_autumn,2000,NA,X2024res78,31,16,9,7,20,2,9,0,0,0,0,2.771778475573101,0.8071603970896772,0.43004244306418216,-6.093227990767925,5.298836974735278,R
res72,Sina Appeltauer,NA,2024-06-14,50,NA,80,85,NA,65,3,469,4,cut_autumn,2000,grasdominiert,X2024res72,33,20,10,8,21,2,9,1,0,0,0,2.4449000333739725,0.6992405966222336,0.48692581300813004,-5.938548516411227,5.327833877935136,R
res46,Malte Knoeppler,NA,2024-06-15,4,NA,15,5,NA,2,80,469,4,grazing,1990,NA,X2024res46,20,5,0,0,4,7,7,0,1,1,0,2.6563291607877586,0.8867044576171085,0.16025520833333334,-6.894486866610228,5.166920751015413,R
res53,Malte Knoeppler,NA,2024-06-15,50,NA,60,50,NA,70,10,469,4,cut_summer,1990,NA,X2024res53,29,15,7,6,16,4,9,0,0,0,0,2.3836463502556096,0.7078814783746471,0.4775529411764704,-6.01045587107964,5.36421324666361,R
res50,Malte Knoeppler,NA,2024-06-15,40,NA,50,60,NA,70,10,469,4,cut_summer,1990,NA,X2024res50,26,15,8,7,16,2,8,0,0,0,0,2.689073056765903,0.8253509450640387,0.4320323129251701,-6.062129184566855,5.305111166420319,R
res41,Malte Knoeppler,NA,2024-06-15,4,NA,20,3,NA,3,80,469,4,grazing,1990,NA,X2024res41,19,4,0,0,4,5,8,0,1,1,0,2.602443768678948,0.8838504676417815,0.17122413793103447,-6.7908819154491065,5.191707961707029,R
res45,Malte Knoeppler,NA,2024-06-15,6,NA,25,90,NA,2,7,469,4,grazing,1990,NA,X2024res45,23,8,2,2,8,5,8,0,1,1,0,2.7923552874241575,0.8905630484783692,0.27826388888888887,-6.418150634243675,5.183111990334279,R
res44,Malte Knoeppler,NA,2024-06-15,4,NA,20,85,NA,2,10,469,4,grazing,1990,NA,X2024res44,21,7,1,1,5,5,10,0,1,0,0,2.7931210427543554,0.9174250148877025,0.21625534188034187,-6.627279068656771,5.2047167629775055,R
res43,Malte Knoeppler,NA,2024-06-15,10,NA,20,30,NA,4,55,469,4,grazing,1990,NA,X2024res43,18,6,2,2,8,5,4,1,0,0,0,2.083635806385367,0.7208885157049825,0.17042605105105108,-6.749641643732606,5.190066326849843,R
res40,Malte Knoeppler,NA,2024-06-15,15,NA,20,40,NA,4,45,469,4,grazing,1990,NA,X2024res40,15,2,0,0,2,7,5,0,1,0,0,2.5052899909184174,0.9251268643021217,0.19617129629629632,-6.768371915557524,5.066020355399889,R1A
res42,Sina Appeltauer,NA,2024-06-15,14,NA,40,70,NA,2,10,469,4,grazing,1990,NA,X2024res42,17,6,1,1,4,5,6,0,1,1,0,2.4275994401316403,0.8568360886851281,0.23789357429718877,-6.642226108950851,5.070909130874487,R
res47,Sina Appeltauer,NA,2024-06-15,16,NA,40,30,NA,5,40,469,4,grazing,1990,NA,X2024res47,23,7,2,1,5,6,11,0,1,0,0,2.6626875135014605,0.8492082364477967,0.24919198312236288,-6.585832401357504,5.218350561231859,R1A
res48,Sina Appeltauer,NA,2024-06-15,14,NA,40,60,NA,5,55,469,4,grazing,1990,NA,X2024res48,17,4,0,0,2,5,9,0,0,1,0,2.2781234318024226,0.8040776161744706,0.21186875,-6.769033382863394,5.156592239117766,R1A
res49,Sina Appeltauer,NA,2024-06-15,38,NA,85,70,NA,25,2,469,4,cut_summer,1990,NA,X2024res49,30,15,10,8,21,2,7,0,0,0,0,2.4256751766865032,0.7131827131717603,0.4811130434782609,-5.997866678362788,5.251355862385028,R
res52,Sina Appeltauer,NA,2024-06-15,36,NA,85,30,NA,70,5,469,4,cut_summer,1990,angrenzend Potentilla recta,X2024res52,19,9,6,4,9,3,7,0,0,0,0,1.9515010846692142,0.662775183482212,0.4638852339181286,-5.699851117851333,5.31131202230593,R1A
res51,Sina Appeltauer,NA,2024-06-15,29,NA,90,30,NA,69,0,469,4,cut_summer,1990,NA,X2024res51,16,9,4,3,8,2,6,0,0,0,0,1.7995378110218934,0.6490460689633666,0.3675038314176245,-6.0066474857770515,5.2241176892738395,R1A
res77,Sina Appeltauer,NA,2024-06-17,63,NA,75,80,NA,50,5,469,4,cut_autumn,2000,NA,X2024res77,28,15,11,9,19,3,6,0,0,0,0,2.7528310948366967,0.8261290945470678,0.555477124183007,-6.244449769446576,5.394341815279768,R1A
res71,Sina Appeltauer,NA,2024-06-17,100,NA,90,30,NA,30,1,469,4,cut_autumn,2000,sehr hohes Arrhenaterum elatius Koeleria pyramidata Hälfte des Plots,X2024res71,26,12,9,6,17,3,6,0,0,0,0,2.269818956956154,0.6966702583756247,0.685012870012871,-6.040300152882484,5.357518265148341,R
res68,Sina Appeltauer,NA,2024-06-17,50,NA,90,40,NA,50,2,469,4,cut_autumn,2000,NA,X2024res68,29,15,12,9,21,3,5,0,0,0,0,2.5909251193943685,0.7694379259231214,0.45076766304347826,-6.558686483468176,5.435823510112445,R
res74,Sina Appeltauer,NA,2024-06-17,59,NA,80,95,NA,60,0,469,4,cut_autumn,2000,NA,X2024res74,27,17,7,7,16,2,9,0,0,0,0,2.140435135854256,0.6494360075682959,0.49901481481481497,-5.701950392886453,5.26829043636893,R1A
res73,Sina Appeltauer,NA,2024-06-17,0,NA,75,90,NA,70,1,469,4,cut_autumn,2000,NA,X2024res73,21,10,5,5,12,1,8,0,0,0,0,1.8266809894052847,0.5999893338842353,0.4632819634703196,-5.717779540571739,5.260646177025641,R1A
res60,Malte Knoeppler,NA,2024-06-18,6,NA,25,50,NA,2,25,469,4,grazing,2000,NA,X2024res60,19,8,2,2,3,5,9,0,1,1,0,2.48996818646725,0.8456511424027373,0.18378577661431067,-6.672381684152304,5.189267997076056,R1A
res54,Malte Knoeppler,NA,2024-06-18,6,NA,20,35,NA,3,45,469,4,grazing,2000,NA,X2024res54,16,7,3,3,7,4,4,0,1,0,0,2.231124232201364,0.8047079663510259,0.20576175213675213,-6.838276335563222,5.212612065087094,R1A
res55,Malte Knoeppler,NA,2024-06-18,5,NA,15,80,NA,1,10,469,4,grazing,2000,NA,X2024res55,13,5,1,1,4,4,4,0,0,1,0,2.2200177380251853,0.865521080003809,0.22841954022988506,-6.784740468303637,5.165080780648173,R
res56,Malte Knoeppler,NA,2024-06-18,6,NA,20,50,NA,3,30,469,4,grazing,2000,NA,X2024res56,14,5,1,1,7,3,4,0,0,0,0,2.1760579490143197,0.8245588015822156,0.2915261044176707,-6.8798461171427405,5.2442923193795705,R1A
res58,Malte Knoeppler,NA,2024-06-18,5,NA,15,65,NA,2,25,469,4,grazing,2000,NA,X2024res58,22,10,2,2,9,4,7,0,1,1,0,2.762031826387507,0.8935599779248099,0.25475,-6.8395192227694075,5.1148712908306395,R1A
res59,Malte Knoeppler,NA,2024-06-18,13,NA,20,70,NA,1,15,469,4,grazing,2000,NA,X2024res59,18,7,1,1,4,4,7,0,2,1,0,2.5101047830191128,0.8684366556522682,0.22863356973995275,-6.777562876951759,5.169852329198656,R
res57,Maren Teschauer,NA,2024-06-19,5,NA,25,55,NA,2,25,469,4,grazing,2000,NA,X2024res57,14,8,2,2,5,3,5,0,0,1,0,1.937405253779411,0.7341277629849218,0.21662833333333337,-6.788754682402771,5.204237486503245,R
res63,Maren Teschauer,NA,2024-06-19,40,NA,60,35,NA,80,5,469,4,cut_summer,2000,daneben: 2x Gymnadenia conopsea Scabiosa columbaria Centaurea scabiosa Briza media,X2024res63,23,11,7,6,13,1,9,0,0,0,0,2.1192801312080123,0.6758998694500861,0.5067721445221445,-6.22485136183898,5.323058457858853,R
res61,Maren Teschauer,NA,2024-06-19,10,NA,30,80,NA,2,5,469,4,grazing,2000,daneben: Bupthalmum salicifolium Carex humilis Rhinanthus glacialis  zwischen 60&61: Biscutella laevigata,X2024res61,15,7,2,2,5,4,5,0,0,1,0,2.057945805325083,0.7599363573420735,0.1918641975308642,-6.791416764237703,5.165718702501805,R
res62,Maren Teschauer,NA,2024-06-19,31,NA,75,90,NA,70,2,469,4,cut_summer,2000,daneben: Peucedanum oreoselinum Dianthus cartusianorum Securigera varia Scabiosa columbaria Galium verum Prunella grandiflora Centaurea scabiosa,X2024res62,23,10,6,4,14,4,5,0,0,0,0,2.111607267598432,0.6734527708170859,0.48914679911699777,-5.924255940046477,5.318184036646399,R
res64,Maren Teschauer,NA,2024-06-19,64,NA,75,60,NA,70,5,469,4,cut_summer,2000,NA,X2024res64,20,15,8,8,12,1,6,0,1,0,0,1.8708492005479398,0.624504805407212,0.4751829146730463,-5.85668799825144,5.226965526551891,R
